USE droneFF;

INSERT INTO droneTypes VALUES('D-001','Raven',400,80,300,8000);
INSERT INTO droneTypes VALUES('D-002','Hawk',800,120,200,7300);
INSERT INTO droneTypes VALUES('D-003','Eagle',700,90,500,9250);
INSERT INTO droneTypes VALUES('D-004','Albatross',1200,80,900,11000);

SELECT 'DRONE TYPES POPULATION COMPLETE' AS MSG;

INSERT INTO airfields VALUES('DF-114','7:87');
INSERT INTO airfields VALUES('CF-220','70:87');
INSERT INTO airfields VALUES('AE-672','87:155');
INSERT INTO airfields VALUES('DH-425','153:149');
INSERT INTO airfields VALUES('AG-323','9:60');
INSERT INTO airfields VALUES('CH-662','56:119');
INSERT INTO airfields VALUES('CF-833','196:86');
INSERT INTO airfields VALUES('DE-448','39:149');
INSERT INTO airfields VALUES('DG-471','158:50');
INSERT INTO airfields VALUES('AE-433','51:7');

SELECT 'AIRFIELDS POPULATION COMPLETE' AS MSG;

INSERT INTO droneUnits VALUES('DU-001','Raven',12,8,8,'DF-114');
INSERT INTO droneUnits VALUES('DU-002','Raven',16,8,8,'DF-114');
INSERT INTO droneUnits VALUES('DU-003','Raven',14,7,7,'DF-114');
INSERT INTO droneUnits VALUES('DU-004','Raven',12,12,9,'DF-114');
INSERT INTO droneUnits VALUES('DU-005','Raven',12,12,4,'DF-114');

INSERT INTO droneUnits VALUES('DU-006','Hawk',12,8,8,'AE-672');
INSERT INTO droneUnits VALUES('DU-007','Hawk',16,8,8,'CH-662');
INSERT INTO droneUnits VALUES('DU-008','Hawk',14,7,7,'CF-833');
INSERT INTO droneUnits VALUES('DU-009','Hawk',12,12,9,'DE-448');
INSERT INTO droneUnits VALUES('DU-010','Hawk',12,12,4,'DF-114');

INSERT INTO droneUnits VALUES('DU-011','Eagle',8,8,8,'DF-114');
INSERT INTO droneUnits VALUES('DU-012','Eagle',8,8,8,'DF-114');
INSERT INTO droneUnits VALUES('DU-013','Eagle',8,7,7,'DF-114');
INSERT INTO droneUnits VALUES('DU-014','Eagle',8,4,4,'DF-114');
INSERT INTO droneUnits VALUES('DU-015','Eagle',8,8,3,'DF-114');

INSERT INTO droneUnits VALUES('DU-016','Albatross',16,8,8,'CF-220');
INSERT INTO droneUnits VALUES('DU-017','Albatross',16,16,8,'AE-433');
INSERT INTO droneUnits VALUES('DU-018','Albatross',16,16,7,'AG-323');
INSERT INTO droneUnits VALUES('DU-019','Albatross',16,12,9,'DF-114');
INSERT INTO droneUnits VALUES('DU-020','Albatross',16,12,12,'DF-114');

SELECT 'DRONE UNITS POPULATION COMPLETE' AS MSG;

INSERT INTO activeFires VALUES('F2-12-21','D','694:1114');
INSERT INTO activeFires VALUES('F1-11-2','A','848:684');
INSERT INTO activeFires VALUES('F2-0-20','B','508:561');
INSERT INTO activeFires VALUES('F2-1-12','A','335:608');
INSERT INTO activeFires VALUES('F2-10-16','C','720:447');
INSERT INTO activeFires VALUES('F1-12-22','B','810:324');
INSERT INTO activeFires VALUES('F2-1-9','C','849:556');
INSERT INTO activeFires VALUES('F1-1-9','A','960:719');
INSERT INTO activeFires VALUES('F2-8-11','A','238:388');
INSERT INTO activeFires VALUES('F2-12-12','A','900:1031');
INSERT INTO activeFires VALUES('F2-0-0','B','617:943');
INSERT INTO activeFires VALUES('F2-5-9','B','655:699');
INSERT INTO activeFires VALUES('F1-6-5','B','410:450');
INSERT INTO activeFires VALUES('F2-1-4','A','322:386');
INSERT INTO activeFires VALUES('F2-7-3','A','258:1107');
INSERT INTO activeFires VALUES('F1-6-15','A','559:360');
INSERT INTO activeFires VALUES('F2-11-21','C','684:684');
INSERT INTO activeFires VALUES('F2-8-23','B','572:946');
INSERT INTO activeFires VALUES('F2-12-1','C','804:783');
INSERT INTO activeFires VALUES('F2-6-1','A','511:688');
INSERT INTO activeFires VALUES('F1-8-22','D','387:897');
INSERT INTO activeFires VALUES('F2-7-13','A','1020:253');
INSERT INTO activeFires VALUES('F1-11-11','B','341:531');
INSERT INTO activeFires VALUES('F1-5-10','C','415:462');
INSERT INTO activeFires VALUES('F2-0-18','C','701:962');
INSERT INTO activeFires VALUES('F2-0-11','A','803:746');
INSERT INTO activeFires VALUES('F2-11-15','C','801:646');
INSERT INTO activeFires VALUES('F1-7-13','A','717:231');
INSERT INTO activeFires VALUES('F2-9-23','D','952:445');
INSERT INTO activeFires VALUES('F2-6-0','D','359:814');
INSERT INTO activeFires VALUES('F1-8-7','A','750:319');
INSERT INTO activeFires VALUES('F1-3-0','A','721:725');
INSERT INTO activeFires VALUES('F1-10-5','B','706:865');
INSERT INTO activeFires VALUES('F2-1-14','C','565:943');
INSERT INTO activeFires VALUES('F1-12-21','D','630:1046');
INSERT INTO activeFires VALUES('F2-2-4','D','975:768');
INSERT INTO activeFires VALUES('F1-2-13','A','477:944');
INSERT INTO activeFires VALUES('F2-2-0','C','1065:793');
INSERT INTO activeFires VALUES('F1-8-13','A','642:674');
INSERT INTO activeFires VALUES('F2-10-17','D','741:593');
INSERT INTO activeFires VALUES('F2-8-18','B','913:830');
INSERT INTO activeFires VALUES('F2-11-16','A','954:702');
INSERT INTO activeFires VALUES('F2-6-4','D','760:811');
INSERT INTO activeFires VALUES('F2-6-17','D','1056:335');
INSERT INTO activeFires VALUES('F2-12-0','C','1037:591');
INSERT INTO activeFires VALUES('F1-1-11','A','306:557');
INSERT INTO activeFires VALUES('F1-12-6','D','918:911');
INSERT INTO activeFires VALUES('F2-6-7','A','223:677');
INSERT INTO activeFires VALUES('F1-9-11','A','951:717');
INSERT INTO activeFires VALUES('F2-10-8','D','648:942');

SELECT 'ACTIVE FIRES POPULATION COMPLETE' AS MSG;
SELECT 'DATABASE POPULATION COMPLETE' AS MSG;